id,image,name,description,price,category,order
1,chairs/pj6.jpg,chair1,eqgweryj,451,Most populer,20
2,chairs/pj6.jpg,chair2,eqgweryj,452,Most populer,2
3,chairs/pj6.jpg,chair3,eqgweryj,453,Most populer,3
4,chairs/pj6.jpg,chair4,eqgweryj,454,Most populer,4
5,chairs/pj6.jpg,chair5,eqgweryj,455,Most populer,5
6,chairs/pj6.jpg,chair6,eqgweryj,456,Most populer,6
7,chairs/pj6.jpg,chair7,eqgweryj,457,Most populer,7
8,chairs/pj6.jpg,chair8,eqgweryj,458,Most populer,8
9,chairs/pj6.jpg,chair9,eqgweryj,459,Most populer,9
10,chairs/pj6.jpg,chair10,eqgweryj,4510,Most populer,10
11,chairs/pj6.jpg,chair11,eqgweryj,4511,Most populer,11
12,chairs/pj6.jpg,chair12,eqgweryj,4512,Most populer,12
13,chairs/pj6.jpg,chair13,eqgweryj,4513,Most populer,13
14,chairs/pj6.jpg,chair14,eqgweryj,4514,Most populer,14
15,chairs/pj6.jpg,chair15,eqgweryj,4515,Most populer,15
16,chairs/pj6.jpg,chair16,eqgweryj,4516,Most populer,16
17,chairs/pj6.jpg,chair17,eqgweryj,4517,Most populer,17
18,chairs/pj6.jpg,chair18,eqgweryj,4518,Most populer,18
19,chairs/pj6.jpg,chair19,eqgweryj,4519,Most populer,19
20,chairs/pj6.jpg,chair20,eqgweryj,4520,Most populer,1
21,chairs/banner18.webp,luxury,comfort,7999,Most populer,21
22,chairs/banner11.webp,Stylish,home,70000,HOMETOP,1
23,chairs/pj57-removebg-preview.png,Director,comfort,9000,HOMETOP,2
24,chairs/pj12.jpg,HR,comfort,8769,HOMETOP,3
25,chairs/pj7.webp,staff,comfort,43221,HOMETOP,4
26,chairs/nw1-removebg-preview.png,VISITOR,comfort,7656,HOMETOP,5
27,chairs/banner12.webp,PREMIUM,comfort,7654,HOMETOP,6
